Student_ID,Name,Age,Department,Math,Science,English,Attendance,Study_Hours,Assignments_Completed,Previous_Score,Total,AVERAGE,STATUS,GRADE,Rank,Risk_Score,Risk_Level,Risk_Reason
S136,Rahul,18.0,IT,80.0,86.0,83.0,54.0,27.0,7.0,82.0,249.0,83.0,PASS,A,13,2,LOW,Low Attendance
S102,Vikram,21.0,ME,84.0,79.0,80.0,59.0,29.0,8.0,91.0,243.0,81.0,PASS,A,17,2,LOW,Low Attendance
S064,Ananya,22.0,CE,85.0,82.0,73.0,90.0,27.0,6.0,47.0,240.0,80.0,PASS,A,21,2,LOW,Low Previous Score
S030,Rohan,22.0,CE,81.0,78.0,77.0,54.0,23.0,10.0,82.0,236.0,78.66666666666667,PASS,B,26,2,LOW,Low Attendance
S041,Isha,18.0,ME,78.0,75.0,81.0,56.0,21.0,7.0,86.0,234.0,78.0,PASS,B,31,2,LOW,Low Attendance
S063,Sneha,19.0,CSE,77.0,85.0,71.0,57.0,29.0,9.0,76.0,233.0,77.66666666666667,PASS,B,34,2,LOW,Low Attendance
S026,Nikhil,18.0,ME,80.0,70.0,77.0,58.0,22.0,8.0,90.0,227.0,75.66666666666667,PASS,B,37,2,LOW,Low Attendance
S001,Neha,22.0,IT,75.0,82.0,69.0,88.0,26.0,8.0,49.0,226.0,75.33333333333333,PASS,B,40,2,LOW,Low Previous Score
S007,Simran,20.0,ME,71.0,74.0,78.0,54.0,26.0,10.0,86.0,223.0,74.33333333333333,PASS,B,44,2,LOW,Low Attendance
S089,Priya,21.0,IT,74.0,72.0,77.0,67.0,5.0,9.0,96.0,223.0,74.33333333333333,PASS,B,45,2,LOW,Low Study Hours
S097,Isha,18.0,ECE,66.0,81.0,74.0,52.0,18.0,7.0,86.0,221.0,73.66666666666667,PASS,B,50,2,LOW,Low Attendance
S156,Ananya,21.0,CE,74.0,70.0,76.0,76.0,30.0,3.0,40.0,220.0,73.33333333333333,PASS,B,51,2,LOW,Low Previous Score
S163,Nikhil,20.0,CSE,73.0,75.0,71.0,50.0,8.0,10.0,95.0,219.0,73.0,PASS,B,52,2,LOW,Low Attendance
S185,Pooja,19.0,CSE,67.0,75.0,76.0,50.0,30.0,7.0,89.0,218.0,72.66666666666667,PASS,B,54,2,LOW,Low Attendance
S098,Priya,18.0,IT,66.0,77.0,74.0,65.0,30.0,8.0,48.0,217.0,72.33333333333333,PASS,B,55,2,LOW,Low Previous Score
S021,Karan,19.0,IT,73.0,65.0,78.0,56.0,23.0,6.0,84.0,216.0,72.0,PASS,B,56,2,LOW,Low Attendance
S143,Rahul,20.0,IT,70.0,75.0,71.0,94.0,10.0,10.0,46.0,216.0,72.0,PASS,B,60,2,LOW,Low Previous Score
S074,Aditya,20.0,CE,72.0,65.0,78.0,55.0,28.0,9.0,53.0,215.0,71.66666666666667,PASS,B,63,2,LOW,Low Attendance
S017,Sneha,21.0,IT,72.0,70.0,71.0,59.0,25.0,10.0,68.0,213.0,71.0,PASS,B,67,2,LOW,Low Attendance
S123,Aditya,18.0,ECE,76.0,64.0,69.0,58.0,30.0,6.0,98.0,209.0,69.66666666666667,PASS,C,74,2,LOW,Low Attendance
S198,Simran,18.0,ME,59.0,79.0,71.0,88.0,27.0,4.0,49.0,209.0,69.66666666666667,PASS,C,75,2,LOW,Low Previous Score
S110,Neha,21.0,ECE,76.0,71.0,61.0,57.0,21.0,5.0,65.0,208.0,69.33333333333333,PASS,C,78,2,LOW,Low Attendance
S044,Aditya,18.0,ME,71.0,72.0,65.0,53.0,14.0,8.0,82.0,208.0,69.33333333333333,PASS,C,79,2,LOW,Low Attendance
S195,Neha,19.0,ME,75.0,66.0,67.0,77.0,25.0,6.0,42.0,208.0,69.33333333333333,PASS,C,80,2,LOW,Low Previous Score
S128,Simran,20.0,IT,70.0,69.0,64.0,97.0,17.0,7.0,46.0,203.0,67.66666666666667,PASS,C,87,2,LOW,Low Previous Score
S133,Neha,19.0,CSE,70.0,65.0,66.0,55.0,11.0,8.0,72.0,201.0,67.0,PASS,C,92,2,LOW,Low Attendance
S165,Rohan,18.0,ME,71.0,60.0,68.0,97.0,7.0,9.0,71.0,199.0,66.33333333333333,PASS,C,95,2,LOW,Low Study Hours
S015,Arjun,21.0,ECE,57.0,70.0,72.0,61.0,19.0,7.0,47.0,199.0,66.33333333333333,PASS,C,96,2,LOW,Low Previous Score
S038,Rahul,19.0,CE,71.0,66.0,57.0,50.0,27.0,10.0,45.0,194.0,64.66666666666667,PASS,C,102,4,MEDIUM,"Low Attendance, Low Previous Score"
S178,Rahul,21.0,CSE,69.0,59.0,65.0,59.0,16.0,7.0,90.0,193.0,64.33333333333333,PASS,C,104,2,LOW,Low Attendance
S006,Arjun,22.0,CE,66.0,65.0,60.0,80.0,5.0,9.0,70.0,191.0,63.666666666666664,PASS,C,106,2,LOW,Low Study Hours
S003,Simran,20.0,ECE,65.0,65.0,61.0,91.0,7.0,8.0,93.0,191.0,63.666666666666664,PASS,C,107,2,LOW,Low Study Hours
S066,Nikhil,19.0,CSE,57.0,74.0,60.0,50.0,20.0,5.0,88.0,191.0,63.666666666666664,PASS,C,110,2,LOW,Low Attendance
S181,Neha,22.0,CE,67.0,60.0,63.0,70.0,13.0,8.0,41.0,190.0,63.333333333333336,PASS,C,111,2,LOW,Low Previous Score
S191,Aditya,19.0,CE,59.0,66.0,63.0,98.0,29.0,5.0,47.0,188.0,62.666666666666664,PASS,C,113,2,LOW,Low Previous Score
S096,Simran,21.0,IT,60.0,63.0,65.0,50.0,21.0,3.0,60.0,188.0,62.666666666666664,PASS,C,118,2,LOW,Low Attendance
S076,Aditya,18.0,CE,61.0,63.0,63.0,94.0,7.0,6.0,80.0,187.0,62.333333333333336,PASS,C,119,2,LOW,Low Study Hours
S046,Nikhil,21.0,ECE,60.0,61.0,66.0,55.0,21.0,8.0,65.0,187.0,62.333333333333336,PASS,C,120,2,LOW,Low Attendance
S105,Nikhil,21.0,ME,63.0,58.0,65.0,57.0,26.0,5.0,65.0,186.0,62.0,PASS,C,122,2,LOW,Low Attendance
S031,Rahul,18.0,CSE,64.0,65.0,56.0,78.0,6.0,8.0,66.0,185.0,61.666666666666664,PASS,C,123,2,LOW,Low Study Hours
S067,Priya,21.0,CE,58.0,61.0,63.0,52.0,15.0,5.0,67.0,182.0,60.666666666666664,PASS,C,129,2,LOW,Low Attendance
S052,Neha,18.0,CE,61.0,62.0,57.0,59.0,6.0,3.0,86.0,180.0,60.0,PASS,C,131,4,MEDIUM,"Low Attendance, Low Study Hours"
S024,Arjun,18.0,IT,59.0,63.0,58.0,89.0,6.0,6.0,70.0,180.0,60.0,PASS,C,132,2,LOW,Low Study Hours
S101,Priya,20.0,CE,57.0,61.0,62.0,61.0,19.0,4.0,49.0,180.0,60.0,PASS,C,133,2,LOW,Low Previous Score
S169,Karan,22.0,ECE,49.0,71.0,60.0,54.0,19.0,5.0,84.0,180.0,60.0,PASS,C,134,2,LOW,Low Attendance
S155,Neha,18.0,IT,66.0,55.0,59.0,71.0,26.0,3.0,46.0,180.0,60.0,PASS,C,136,2,LOW,Low Previous Score
S176,Nikhil,22.0,ECE,66.0,57.0,52.0,86.0,12.0,9.0,40.0,175.0,58.333333333333336,PASS,D,145,2,LOW,Low Previous Score
S171,Aman,21.0,CSE,59.0,59.0,57.0,54.0,19.0,5.0,69.0,175.0,58.333333333333336,PASS,D,146,2,LOW,Low Attendance
S116,Simran,20.0,ECE,64.0,56.0,54.0,77.0,7.0,10.0,66.0,174.0,58.0,PASS,D,148,2,LOW,Low Study Hours
S095,Karan,20.0,IT,54.0,57.0,60.0,80.0,6.0,9.0,54.0,171.0,57.0,PASS,D,150,2,LOW,Low Study Hours
S134,Ananya,20.0,IT,51.0,58.0,61.0,67.0,7.0,6.0,88.0,170.0,56.666666666666664,PASS,D,151,2,LOW,Low Study Hours
S114,Arjun,18.0,CE,64.0,53.0,52.0,57.0,12.0,8.0,46.0,169.0,56.333333333333336,PASS,D,152,4,MEDIUM,"Low Attendance, Low Previous Score"
S140,Isha,18.0,ECE,58.0,56.0,54.0,59.0,17.0,10.0,89.0,168.0,56.0,PASS,D,153,2,LOW,Low Attendance
S027,Karan,20.0,IT,58.0,53.0,56.0,99.0,6.0,8.0,75.0,167.0,55.666666666666664,PASS,D,154,2,LOW,Low Study Hours
S060,Ananya,18.0,IT,53.0,56.0,56.0,77.0,15.0,7.0,43.0,165.0,55.0,PASS,D,156,2,LOW,Low Previous Score
S177,Aman,20.0,ECE,49.0,56.0,60.0,59.0,21.0,9.0,53.0,165.0,55.0,PASS,D,158,2,LOW,Low Attendance
S032,Aditya,20.0,CE,53.0,53.0,57.0,86.0,24.0,5.0,44.0,163.0,54.333333333333336,PASS,D,159,2,LOW,Low Previous Score
S029,Aditya,21.0,ME,55.0,57.0,48.0,51.0,19.0,8.0,65.0,160.0,53.333333333333336,PASS,D,163,2,LOW,Low Attendance
S186,Ananya,18.0,ME,60.0,54.0,46.0,100.0,6.0,8.0,69.0,160.0,53.333333333333336,PASS,D,164,2,LOW,Low Study Hours
S080,Arjun,20.0,ME,58.0,41.0,59.0,70.0,23.0,4.0,40.0,158.0,52.666666666666664,PASS,D,166,2,LOW,Low Previous Score
S197,Sneha,18.0,CE,45.0,53.0,60.0,57.0,10.0,4.0,49.0,158.0,52.666666666666664,PASS,D,167,4,MEDIUM,"Low Attendance, Low Previous Score"
S146,Aman,21.0,CE,58.0,45.0,55.0,50.0,19.0,5.0,80.0,158.0,52.666666666666664,PASS,D,168,2,LOW,Low Attendance
S127,Ananya,18.0,ME,46.0,56.0,50.0,77.0,6.0,7.0,64.0,152.0,50.666666666666664,PASS,D,170,2,LOW,Low Study Hours
S100,Aditya,19.0,CE,49.0,50.0,52.0,60.0,13.0,6.0,48.0,151.0,50.333333333333336,PASS,D,172,2,LOW,Low Previous Score
S061,Neha,20.0,CSE,57.0,45.0,49.0,69.0,23.0,8.0,44.0,151.0,50.333333333333336,PASS,D,173,2,LOW,Low Previous Score
S055,Aman,18.0,CSE,53.0,48.0,49.0,88.0,6.0,3.0,82.0,150.0,50.0,PASS,D,174,2,LOW,Low Study Hours
S022,Rohan,21.0,CE,52.0,45.0,52.0,95.0,11.0,6.0,41.0,149.0,49.666666666666664,PASS,F,175,5,HIGH,"Low Average, Low Previous Score"
S192,Simran,20.0,ECE,45.0,49.0,54.0,89.0,5.0,9.0,68.0,148.0,49.333333333333336,PASS,F,176,5,HIGH,"Low Average, Low Study Hours"
S005,Pooja,21.0,CSE,46.0,48.0,54.0,63.0,16.0,8.0,52.0,148.0,49.333333333333336,PASS,F,177,3,MEDIUM,Low Average
S109,Nikhil,18.0,IT,47.0,51.0,50.0,77.0,20.0,5.0,64.0,148.0,49.333333333333336,PASS,F,178,3,MEDIUM,Low Average
S020,Aman,20.0,CSE,48.0,44.0,54.0,87.0,15.0,4.0,51.0,146.0,48.666666666666664,PASS,F,179,3,MEDIUM,Low Average
S088,Sneha,20.0,CE,51.0,52.0,42.0,69.0,10.0,5.0,62.0,145.0,48.333333333333336,PASS,F,180,3,MEDIUM,Low Average
S090,Nikhil,21.0,IT,54.0,45.0,45.0,96.0,9.0,10.0,40.0,144.0,48.0,PASS,F,181,5,HIGH,"Low Average, Low Previous Score"
S016,Rohan,21.0,ME,50.0,44.0,49.0,58.0,9.0,6.0,44.0,143.0,47.666666666666664,PASS,F,182,7,HIGH,"Low Average, Low Attendance, Low Previous Score"
S077,Neha,21.0,ME,46.0,48.0,47.0,81.0,7.0,4.0,61.0,141.0,47.0,PASS,F,183,5,HIGH,"Low Average, Low Study Hours"
S190,Vikram,19.0,CE,48.0,47.0,46.0,50.0,9.0,7.0,40.0,141.0,47.0,PASS,F,184,7,HIGH,"Low Average, Low Attendance, Low Previous Score"
S166,Aman,21.0,CSE,42.0,51.0,46.0,55.0,13.0,5.0,69.0,139.0,46.333333333333336,PASS,F,185,5,HIGH,"Low Average, Low Attendance"
S139,Arjun,21.0,IT,43.0,44.0,49.0,51.0,19.0,4.0,67.0,136.0,45.333333333333336,PASS,F,186,5,HIGH,"Low Average, Low Attendance"
S189,Vikram,20.0,IT,44.0,49.0,43.0,53.0,10.0,7.0,43.0,136.0,45.333333333333336,PASS,F,187,7,HIGH,"Low Average, Low Attendance, Low Previous Score"
S034,Karan,18.0,ME,51.0,44.0,41.0,68.0,10.0,3.0,50.0,136.0,45.333333333333336,PASS,F,188,3,MEDIUM,Low Average
S056,Rohan,19.0,ME,52.0,40.0,43.0,52.0,17.0,4.0,51.0,135.0,45.0,PASS,F,189,5,HIGH,"Low Average, Low Attendance"
S130,Simran,22.0,ECE,43.0,47.0,44.0,62.0,18.0,5.0,45.0,134.0,44.666666666666664,PASS,F,190,5,HIGH,"Low Average, Low Previous Score"
S144,Arjun,18.0,CE,47.0,38.0,49.0,54.0,7.0,8.0,56.0,134.0,44.666666666666664,PASS,F,191,7,HIGH,"Low Average, Low Attendance, Low Study Hours"
S009,Neha,21.0,CSE,42.0,41.0,49.0,72.0,9.0,3.0,84.0,132.0,44.0,PASS,F,192,3,MEDIUM,Low Average
S070,Vikram,18.0,ECE,35.0,42.0,54.0,98.0,12.0,4.0,48.0,131.0,43.666666666666664,PASS,F,193,5,HIGH,"Low Average, Low Previous Score"
S113,Nikhil,20.0,CSE,43.0,39.0,49.0,75.0,5.0,10.0,41.0,131.0,43.666666666666664,PASS,F,194,7,HIGH,"Low Average, Low Study Hours, Low Previous Score"
S183,Nikhil,18.0,ECE,39.0,46.0,38.0,58.0,10.0,5.0,67.0,123.0,41.0,PASS,F,195,5,HIGH,"Low Average, Low Attendance"
S019,Arjun,21.0,ECE,41.0,43.0,39.0,66.0,6.0,8.0,43.0,123.0,41.0,PASS,F,196,7,HIGH,"Low Average, Low Study Hours, Low Previous Score"
S173,Aman,22.0,ME,42.0,35.0,43.0,52.0,6.0,4.0,79.0,120.0,40.0,PASS,F,197,7,HIGH,"Low Average, Low Attendance, Low Study Hours"
S039,Pooja,21.0,ME,38.0,45.0,35.0,71.0,14.0,4.0,47.0,118.0,39.333333333333336,FAIL,F,198,5,HIGH,"Low Average, Low Previous Score"
S042,Vikram,21.0,CE,45.0,38.0,35.0,74.0,9.0,6.0,65.0,118.0,39.333333333333336,FAIL,F,199,3,MEDIUM,Low Average
S035,Simran,22.0,ME,35.0,38.0,39.0,57.0,5.0,4.0,49.0,112.0,37.333333333333336,FAIL,F,200,9,HIGH,"Low Average, Low Attendance, Low Study Hours, Low Previous Score"
