Student_ID,Name,Age,Department,Math,Science,English,Attendance,Study_Hours,Assignments_Completed,Previous_Score,Total,AVERAGE,STATUS,GRADE,Rank,Risk_Score,Risk_Level
S124,Aditya,21.0,ME,96.0,90.0,95.0,82.0,27.0,8.0,90.0,281.0,93.66666666666667,PASS,A+,1,0,LOW
S121,Rahul,21.0,CSE,91.0,93.0,93.0,76.0,26.0,7.0,98.0,277.0,92.33333333333333,PASS,A+,2,0,LOW
S131,Rahul,19.0,CSE,91.0,91.0,89.0,95.0,28.0,8.0,92.0,271.0,90.33333333333333,PASS,A+,3,0,LOW
S054,Ananya,20.0,CE,90.0,87.0,93.0,68.0,25.0,9.0,99.0,270.0,90.0,PASS,A+,4,0,LOW
S092,Karan,18.0,ME,92.0,88.0,90.0,98.0,16.0,9.0,94.0,270.0,90.0,PASS,A+,5,0,LOW
S161,Neha,20.0,ME,88.0,88.0,93.0,90.0,24.0,7.0,90.0,269.0,89.66666666666667,PASS,A,6,0,LOW
S104,Sneha,18.0,CSE,82.0,94.0,86.0,65.0,29.0,10.0,92.0,262.0,87.33333333333333,PASS,A,7,0,LOW
S152,Vikram,20.0,CE,87.0,91.0,83.0,70.0,29.0,9.0,100.0,261.0,87.0,PASS,A,8,0,LOW
S180,Vikram,21.0,ME,86.0,84.0,88.0,66.0,14.0,6.0,89.0,258.0,86.0,PASS,A,9,0,LOW
S065,Aditya,21.0,CE,97.0,73.0,86.0,88.0,27.0,7.0,81.0,256.0,85.33333333333333,PASS,A,10,0,LOW
S014,Pooja,22.0,ME,81.0,90.0,82.0,96.0,27.0,10.0,68.0,253.0,84.33333333333333,PASS,A,11,0,LOW
S010,Vikram,19.0,ME,82.0,83.0,86.0,78.0,29.0,9.0,63.0,251.0,83.66666666666667,PASS,A,12,0,LOW
S136,Rahul,18.0,IT,80.0,86.0,83.0,54.0,27.0,7.0,82.0,249.0,83.0,PASS,A,13,2,LOW
S004,Isha,22.0,IT,82.0,88.0,76.0,88.0,22.0,8.0,77.0,246.0,82.0,PASS,A,14,0,LOW
S149,Rohan,22.0,ME,88.0,81.0,76.0,96.0,9.0,3.0,93.0,245.0,81.66666666666667,PASS,A,15,0,LOW
S086,Priya,19.0,ME,79.0,79.0,85.0,84.0,26.0,3.0,75.0,243.0,81.0,PASS,A,16,0,LOW
S102,Vikram,21.0,ME,84.0,79.0,80.0,59.0,29.0,8.0,91.0,243.0,81.0,PASS,A,17,2,LOW
S093,Vikram,19.0,IT,81.0,83.0,79.0,63.0,30.0,5.0,90.0,243.0,81.0,PASS,A,18,0,LOW
S036,Aditya,18.0,CE,94.0,83.0,65.0,97.0,28.0,9.0,79.0,242.0,80.66666666666667,PASS,A,19,0,LOW
S162,Neha,21.0,IT,81.0,74.0,85.0,84.0,29.0,10.0,98.0,240.0,80.0,PASS,A,20,0,LOW
S064,Ananya,22.0,CE,85.0,82.0,73.0,90.0,27.0,6.0,47.0,240.0,80.0,PASS,A,21,2,LOW
S126,Simran,20.0,CE,92.0,76.0,70.0,62.0,28.0,7.0,63.0,238.0,79.33333333333333,PASS,B,22,0,LOW
S075,Isha,18.0,CSE,81.0,80.0,77.0,93.0,29.0,4.0,79.0,238.0,79.33333333333333,PASS,B,23,0,LOW
S142,Aman,21.0,ME,84.0,76.0,77.0,99.0,30.0,9.0,88.0,237.0,79.0,PASS,B,24,0,LOW
S117,Priya,20.0,CE,81.0,77.0,79.0,77.0,24.0,7.0,73.0,237.0,79.0,PASS,B,25,0,LOW
S030,Rohan,22.0,CE,81.0,78.0,77.0,54.0,23.0,10.0,82.0,236.0,78.66666666666667,PASS,B,26,2,LOW
S059,Rohan,22.0,IT,78.0,80.0,78.0,99.0,20.0,8.0,87.0,236.0,78.66666666666667,PASS,B,27,0,LOW
S033,Vikram,20.0,ME,77.0,80.0,79.0,87.0,29.0,8.0,59.0,236.0,78.66666666666667,PASS,B,28,0,LOW
S103,Nikhil,19.0,IT,80.0,77.0,78.0,81.0,19.0,7.0,96.0,235.0,78.33333333333333,PASS,B,29,0,LOW
S062,Priya,20.0,IT,74.0,81.0,79.0,77.0,19.0,5.0,95.0,234.0,78.0,PASS,B,30,0,LOW
S041,Isha,18.0,ME,78.0,75.0,81.0,56.0,21.0,7.0,86.0,234.0,78.0,PASS,B,31,2,LOW
S011,Aman,19.0,CE,85.0,80.0,69.0,92.0,21.0,5.0,91.0,234.0,78.0,PASS,B,32,0,LOW
S118,Isha,20.0,ME,77.0,80.0,77.0,86.0,19.0,10.0,66.0,234.0,78.0,PASS,B,33,0,LOW
S063,Sneha,19.0,CSE,77.0,85.0,71.0,57.0,29.0,9.0,76.0,233.0,77.66666666666667,PASS,B,34,2,LOW
S168,Arjun,22.0,CSE,84.0,81.0,68.0,66.0,22.0,8.0,88.0,233.0,77.66666666666667,PASS,B,35,0,LOW
S194,Isha,19.0,CSE,76.0,72.0,79.0,83.0,26.0,8.0,78.0,227.0,75.66666666666667,PASS,B,36,0,LOW
S026,Nikhil,18.0,ME,80.0,70.0,77.0,58.0,22.0,8.0,90.0,227.0,75.66666666666667,PASS,B,37,2,LOW
S147,Rahul,20.0,ECE,81.0,73.0,72.0,67.0,29.0,7.0,88.0,226.0,75.33333333333333,PASS,B,38,0,LOW
S057,Aman,19.0,CE,75.0,74.0,77.0,94.0,15.0,8.0,83.0,226.0,75.33333333333333,PASS,B,39,0,LOW
S001,Neha,22.0,IT,75.0,82.0,69.0,88.0,26.0,8.0,49.0,226.0,75.33333333333333,PASS,B,40,2,LOW
S184,Neha,20.0,ME,73.0,72.0,79.0,95.0,24.0,6.0,88.0,224.0,74.66666666666667,PASS,B,41,0,LOW
S099,Vikram,19.0,CSE,74.0,74.0,76.0,72.0,17.0,6.0,92.0,224.0,74.66666666666667,PASS,B,42,0,LOW
S049,Nikhil,20.0,ME,76.0,78.0,69.0,93.0,24.0,6.0,57.0,223.0,74.33333333333333,PASS,B,43,0,LOW
S007,Simran,20.0,ME,71.0,74.0,78.0,54.0,26.0,10.0,86.0,223.0,74.33333333333333,PASS,B,44,2,LOW
S089,Priya,21.0,IT,74.0,72.0,77.0,67.0,5.0,9.0,96.0,223.0,74.33333333333333,PASS,B,45,2,LOW
S025,Aditya,18.0,CSE,72.0,77.0,74.0,91.0,10.0,9.0,90.0,223.0,74.33333333333333,PASS,B,46,0,LOW
S157,Arjun,18.0,CSE,76.0,79.0,67.0,98.0,16.0,9.0,71.0,222.0,74.0,PASS,B,47,0,LOW
S129,Isha,18.0,CE,77.0,71.0,73.0,78.0,30.0,5.0,91.0,221.0,73.66666666666667,PASS,B,48,0,LOW
S002,Sneha,22.0,IT,82.0,74.0,65.0,94.0,26.0,5.0,72.0,221.0,73.66666666666667,PASS,B,49,0,LOW
S097,Isha,18.0,ECE,66.0,81.0,74.0,52.0,18.0,7.0,86.0,221.0,73.66666666666667,PASS,B,50,2,LOW
S156,Ananya,21.0,CE,74.0,70.0,76.0,76.0,30.0,3.0,40.0,220.0,73.33333333333333,PASS,B,51,2,LOW
S163,Nikhil,20.0,CSE,73.0,75.0,71.0,50.0,8.0,10.0,95.0,219.0,73.0,PASS,B,52,2,LOW
S158,Aditya,22.0,ECE,72.0,75.0,72.0,62.0,29.0,9.0,52.0,219.0,73.0,PASS,B,53,0,LOW
S185,Pooja,19.0,CSE,67.0,75.0,76.0,50.0,30.0,7.0,89.0,218.0,72.66666666666667,PASS,B,54,2,LOW
S098,Priya,18.0,IT,66.0,77.0,74.0,65.0,30.0,8.0,48.0,217.0,72.33333333333333,PASS,B,55,2,LOW
S021,Karan,19.0,IT,73.0,65.0,78.0,56.0,23.0,6.0,84.0,216.0,72.0,PASS,B,56,2,LOW
S050,Aman,18.0,IT,70.0,76.0,70.0,88.0,28.0,3.0,64.0,216.0,72.0,PASS,B,57,0,LOW
S148,Pooja,20.0,CE,71.0,77.0,68.0,81.0,27.0,8.0,59.0,216.0,72.0,PASS,B,58,0,LOW
S037,Ananya,20.0,ME,75.0,71.0,70.0,94.0,19.0,5.0,77.0,216.0,72.0,PASS,B,59,0,LOW
S143,Rahul,20.0,IT,70.0,75.0,71.0,94.0,10.0,10.0,46.0,216.0,72.0,PASS,B,60,2,LOW
S082,Aman,21.0,ME,76.0,71.0,69.0,70.0,25.0,3.0,76.0,216.0,72.0,PASS,B,61,0,LOW
S018,Arjun,21.0,IT,62.0,73.0,81.0,93.0,18.0,9.0,86.0,216.0,72.0,PASS,B,62,0,LOW
S074,Aditya,20.0,CE,72.0,65.0,78.0,55.0,28.0,9.0,53.0,215.0,71.66666666666667,PASS,B,63,2,LOW
S108,Arjun,19.0,ME,75.0,65.0,75.0,73.0,15.0,6.0,91.0,215.0,71.66666666666667,PASS,B,64,0,LOW
S172,Rahul,18.0,CSE,71.0,67.0,76.0,87.0,26.0,10.0,55.0,214.0,71.33333333333333,PASS,B,65,0,LOW
S048,Isha,19.0,ECE,75.0,73.0,65.0,68.0,21.0,5.0,79.0,213.0,71.0,PASS,B,66,0,LOW
S017,Sneha,21.0,IT,72.0,70.0,71.0,59.0,25.0,10.0,68.0,213.0,71.0,PASS,B,67,2,LOW
S079,Simran,22.0,CSE,64.0,76.0,73.0,96.0,30.0,10.0,62.0,213.0,71.0,PASS,B,68,0,LOW
S069,Ananya,20.0,CE,76.0,70.0,66.0,77.0,20.0,8.0,97.0,212.0,70.66666666666667,PASS,B,69,0,LOW
S187,Isha,19.0,ME,68.0,68.0,75.0,94.0,28.0,3.0,77.0,211.0,70.33333333333333,PASS,B,70,0,LOW
S084,Rahul,21.0,IT,67.0,70.0,74.0,86.0,22.0,7.0,65.0,211.0,70.33333333333333,PASS,B,71,0,LOW
S012,Neha,22.0,ME,69.0,65.0,76.0,60.0,20.0,5.0,95.0,210.0,70.0,PASS,B,72,0,LOW
S175,Isha,18.0,CE,76.0,68.0,66.0,86.0,12.0,6.0,57.0,210.0,70.0,PASS,B,73,0,LOW
S123,Aditya,18.0,ECE,76.0,64.0,69.0,58.0,30.0,6.0,98.0,209.0,69.66666666666667,PASS,C,74,2,LOW
S198,Simran,18.0,ME,59.0,79.0,71.0,88.0,27.0,4.0,49.0,209.0,69.66666666666667,PASS,C,75,2,LOW
S193,Aman,19.0,ME,69.0,73.0,67.0,81.0,25.0,3.0,94.0,209.0,69.66666666666667,PASS,C,76,0,LOW
S107,Isha,18.0,ME,73.0,70.0,65.0,61.0,28.0,4.0,74.0,208.0,69.33333333333333,PASS,C,77,0,LOW
S110,Neha,21.0,ECE,76.0,71.0,61.0,57.0,21.0,5.0,65.0,208.0,69.33333333333333,PASS,C,78,2,LOW
S044,Aditya,18.0,ME,71.0,72.0,65.0,53.0,14.0,8.0,82.0,208.0,69.33333333333333,PASS,C,79,2,LOW
S195,Neha,19.0,ME,75.0,66.0,67.0,77.0,25.0,6.0,42.0,208.0,69.33333333333333,PASS,C,80,2,LOW
S153,Ananya,19.0,CSE,67.0,71.0,69.0,75.0,21.0,3.0,79.0,207.0,69.0,PASS,C,81,0,LOW
S115,Rohan,18.0,ECE,68.0,77.0,62.0,99.0,21.0,6.0,57.0,207.0,69.0,PASS,C,82,0,LOW
S122,Ananya,20.0,IT,64.0,72.0,70.0,66.0,18.0,8.0,83.0,206.0,68.66666666666667,PASS,C,83,0,LOW
S028,Priya,18.0,ECE,66.0,66.0,73.0,76.0,22.0,3.0,75.0,205.0,68.33333333333333,PASS,C,84,0,LOW
S071,Rohan,20.0,ME,72.0,69.0,63.0,74.0,8.0,10.0,93.0,204.0,68.0,PASS,C,85,0,LOW
S120,Arjun,18.0,CSE,69.0,64.0,70.0,85.0,28.0,3.0,82.0,203.0,67.66666666666667,PASS,C,86,0,LOW
S128,Simran,20.0,IT,70.0,69.0,64.0,97.0,17.0,7.0,46.0,203.0,67.66666666666667,PASS,C,87,2,LOW
S141,Pooja,22.0,CSE,66.0,70.0,67.0,79.0,22.0,10.0,60.0,203.0,67.66666666666667,PASS,C,88,0,LOW
S094,Sneha,18.0,ME,59.0,76.0,67.0,64.0,18.0,8.0,79.0,202.0,67.33333333333333,PASS,C,89,0,LOW
S043,Aditya,18.0,IT,67.0,62.0,73.0,94.0,8.0,7.0,85.0,202.0,67.33333333333333,PASS,C,90,0,LOW
S145,Aman,18.0,IT,69.0,70.0,62.0,82.0,23.0,10.0,59.0,201.0,67.0,PASS,C,91,0,LOW
S133,Neha,19.0,CSE,70.0,65.0,66.0,55.0,11.0,8.0,72.0,201.0,67.0,PASS,C,92,2,LOW
S125,Aditya,21.0,CE,62.0,69.0,70.0,69.0,18.0,5.0,93.0,201.0,67.0,PASS,C,93,0,LOW
S072,Priya,21.0,IT,61.0,70.0,69.0,82.0,12.0,4.0,90.0,200.0,66.66666666666667,PASS,C,94,0,LOW
S165,Rohan,18.0,ME,71.0,60.0,68.0,97.0,7.0,9.0,71.0,199.0,66.33333333333333,PASS,C,95,2,LOW
S015,Arjun,21.0,ECE,57.0,70.0,72.0,61.0,19.0,7.0,47.0,199.0,66.33333333333333,PASS,C,96,2,LOW
S132,Ananya,19.0,ECE,70.0,59.0,68.0,84.0,23.0,4.0,63.0,197.0,65.66666666666667,PASS,C,97,0,LOW
S112,Ananya,22.0,CSE,66.0,69.0,62.0,85.0,8.0,10.0,77.0,197.0,65.66666666666667,PASS,C,98,0,LOW
S199,Sneha,20.0,CE,59.0,66.0,71.0,75.0,20.0,7.0,58.0,196.0,65.33333333333333,PASS,C,99,0,LOW
S106,Isha,21.0,ECE,66.0,68.0,62.0,87.0,19.0,3.0,80.0,196.0,65.33333333333333,PASS,C,100,0,LOW
S174,Rohan,22.0,CSE,64.0,61.0,70.0,72.0,19.0,10.0,58.0,195.0,65.0,PASS,C,101,0,LOW
S038,Rahul,19.0,CE,71.0,66.0,57.0,50.0,27.0,10.0,45.0,194.0,64.66666666666667,PASS,C,102,4,MEDIUM
S058,Neha,21.0,CSE,60.0,71.0,63.0,62.0,15.0,10.0,75.0,194.0,64.66666666666667,PASS,C,103,0,LOW
S178,Rahul,21.0,CSE,69.0,59.0,65.0,59.0,16.0,7.0,90.0,193.0,64.33333333333333,PASS,C,104,2,LOW
S013,Pooja,18.0,CSE,71.0,65.0,57.0,67.0,19.0,9.0,54.0,193.0,64.33333333333333,PASS,C,105,0,LOW
S006,Arjun,22.0,CE,66.0,65.0,60.0,80.0,5.0,9.0,70.0,191.0,63.666666666666664,PASS,C,106,2,LOW
S003,Simran,20.0,ECE,65.0,65.0,61.0,91.0,7.0,8.0,93.0,191.0,63.666666666666664,PASS,C,107,2,LOW
S091,Karan,18.0,CE,65.0,66.0,60.0,75.0,13.0,8.0,93.0,191.0,63.666666666666664,PASS,C,108,0,LOW
S087,Arjun,20.0,CSE,69.0,58.0,64.0,68.0,25.0,3.0,93.0,191.0,63.666666666666664,PASS,C,109,0,LOW
S066,Nikhil,19.0,CSE,57.0,74.0,60.0,50.0,20.0,5.0,88.0,191.0,63.666666666666664,PASS,C,110,2,LOW
S181,Neha,22.0,CE,67.0,60.0,63.0,70.0,13.0,8.0,41.0,190.0,63.333333333333336,PASS,C,111,2,LOW
S085,Sneha,20.0,CE,62.0,65.0,62.0,85.0,14.0,3.0,85.0,189.0,63.0,PASS,C,112,0,LOW
S191,Aditya,19.0,CE,59.0,66.0,63.0,98.0,29.0,5.0,47.0,188.0,62.666666666666664,PASS,C,113,2,LOW
S073,Sneha,19.0,ECE,70.0,65.0,53.0,87.0,8.0,7.0,68.0,188.0,62.666666666666664,PASS,C,114,0,LOW
S135,Arjun,22.0,CE,60.0,64.0,64.0,100.0,19.0,3.0,68.0,188.0,62.666666666666664,PASS,C,115,0,LOW
S150,Vikram,20.0,CSE,68.0,64.0,56.0,98.0,14.0,9.0,61.0,188.0,62.666666666666664,PASS,C,116,0,LOW
S040,Pooja,20.0,ECE,59.0,69.0,60.0,66.0,23.0,5.0,62.0,188.0,62.666666666666664,PASS,C,117,0,LOW
S096,Simran,21.0,IT,60.0,63.0,65.0,50.0,21.0,3.0,60.0,188.0,62.666666666666664,PASS,C,118,2,LOW
S076,Aditya,18.0,CE,61.0,63.0,63.0,94.0,7.0,6.0,80.0,187.0,62.333333333333336,PASS,C,119,2,LOW
S046,Nikhil,21.0,ECE,60.0,61.0,66.0,55.0,21.0,8.0,65.0,187.0,62.333333333333336,PASS,C,120,2,LOW
S078,Aditya,20.0,CE,65.0,59.0,62.0,94.0,22.0,7.0,50.0,186.0,62.0,PASS,C,121,0,LOW
S105,Nikhil,21.0,ME,63.0,58.0,65.0,57.0,26.0,5.0,65.0,186.0,62.0,PASS,C,122,2,LOW
S031,Rahul,18.0,CSE,64.0,65.0,56.0,78.0,6.0,8.0,66.0,185.0,61.666666666666664,PASS,C,123,2,LOW
S008,Rohan,20.0,IT,59.0,63.0,62.0,84.0,16.0,9.0,75.0,184.0,61.333333333333336,PASS,C,124,0,LOW
S081,Isha,21.0,CE,57.0,68.0,59.0,75.0,23.0,6.0,85.0,184.0,61.333333333333336,PASS,C,125,0,LOW
S151,Neha,20.0,CE,71.0,60.0,52.0,60.0,11.0,9.0,67.0,183.0,61.0,PASS,C,126,0,LOW
S196,Rahul,18.0,ECE,55.0,63.0,64.0,80.0,10.0,8.0,71.0,182.0,60.666666666666664,PASS,C,127,0,LOW
S137,Aditya,21.0,IT,59.0,59.0,64.0,96.0,18.0,4.0,61.0,182.0,60.666666666666664,PASS,C,128,0,LOW
S067,Priya,21.0,CE,58.0,61.0,63.0,52.0,15.0,5.0,67.0,182.0,60.666666666666664,PASS,C,129,2,LOW
S188,Isha,19.0,ECE,57.0,60.0,65.0,62.0,17.0,3.0,90.0,182.0,60.666666666666664,PASS,C,130,0,LOW
S052,Neha,18.0,CE,61.0,62.0,57.0,59.0,6.0,3.0,86.0,180.0,60.0,PASS,C,131,4,MEDIUM
S024,Arjun,18.0,IT,59.0,63.0,58.0,89.0,6.0,6.0,70.0,180.0,60.0,PASS,C,132,2,LOW
S101,Priya,20.0,CE,57.0,61.0,62.0,61.0,19.0,4.0,49.0,180.0,60.0,PASS,C,133,2,LOW
S169,Karan,22.0,ECE,49.0,71.0,60.0,54.0,19.0,5.0,84.0,180.0,60.0,PASS,C,134,2,LOW
S170,Pooja,20.0,CSE,59.0,62.0,59.0,80.0,8.0,9.0,68.0,180.0,60.0,PASS,C,135,0,LOW
S155,Neha,18.0,IT,66.0,55.0,59.0,71.0,26.0,3.0,46.0,180.0,60.0,PASS,C,136,2,LOW
S111,Aditya,22.0,ME,64.0,55.0,60.0,77.0,30.0,7.0,50.0,179.0,59.666666666666664,PASS,D,137,0,LOW
S068,Vikram,20.0,CE,57.0,59.0,63.0,62.0,26.0,3.0,70.0,179.0,59.666666666666664,PASS,D,138,0,LOW
S053,Sneha,18.0,IT,62.0,64.0,52.0,75.0,10.0,6.0,79.0,178.0,59.333333333333336,PASS,D,139,0,LOW
S182,Isha,22.0,CSE,61.0,57.0,58.0,63.0,9.0,9.0,93.0,176.0,58.666666666666664,PASS,D,140,0,LOW
S200,Nikhil,22.0,CSE,67.0,59.0,50.0,83.0,8.0,5.0,85.0,176.0,58.666666666666664,PASS,D,141,0,LOW
S051,Aditya,22.0,IT,54.0,57.0,65.0,75.0,9.0,6.0,72.0,176.0,58.666666666666664,PASS,D,142,0,LOW
S160,Rahul,22.0,ECE,55.0,56.0,65.0,83.0,17.0,8.0,62.0,176.0,58.666666666666664,PASS,D,143,0,LOW
S179,Rohan,18.0,ME,51.0,64.0,61.0,68.0,23.0,3.0,86.0,176.0,58.666666666666664,PASS,D,144,0,LOW
S176,Nikhil,22.0,ECE,66.0,57.0,52.0,86.0,12.0,9.0,40.0,175.0,58.333333333333336,PASS,D,145,2,LOW
S171,Aman,21.0,CSE,59.0,59.0,57.0,54.0,19.0,5.0,69.0,175.0,58.333333333333336,PASS,D,146,2,LOW
S167,Aditya,21.0,CE,55.0,56.0,64.0,77.0,17.0,8.0,68.0,175.0,58.333333333333336,PASS,D,147,0,LOW
S116,Simran,20.0,ECE,64.0,56.0,54.0,77.0,7.0,10.0,66.0,174.0,58.0,PASS,D,148,2,LOW
S083,Nikhil,20.0,IT,65.0,61.0,47.0,60.0,9.0,9.0,60.0,173.0,57.666666666666664,PASS,D,149,0,LOW
S095,Karan,20.0,IT,54.0,57.0,60.0,80.0,6.0,9.0,54.0,171.0,57.0,PASS,D,150,2,LOW
S134,Ananya,20.0,IT,51.0,58.0,61.0,67.0,7.0,6.0,88.0,170.0,56.666666666666664,PASS,D,151,2,LOW
S114,Arjun,18.0,CE,64.0,53.0,52.0,57.0,12.0,8.0,46.0,169.0,56.333333333333336,PASS,D,152,4,MEDIUM
S140,Isha,18.0,ECE,58.0,56.0,54.0,59.0,17.0,10.0,89.0,168.0,56.0,PASS,D,153,2,LOW
S027,Karan,20.0,IT,58.0,53.0,56.0,99.0,6.0,8.0,75.0,167.0,55.666666666666664,PASS,D,154,2,LOW
S154,Aditya,22.0,ME,55.0,55.0,56.0,74.0,11.0,3.0,88.0,166.0,55.333333333333336,PASS,D,155,0,LOW
S060,Ananya,18.0,IT,53.0,56.0,56.0,77.0,15.0,7.0,43.0,165.0,55.0,PASS,D,156,2,LOW
S164,Arjun,18.0,CE,50.0,53.0,62.0,70.0,14.0,5.0,58.0,165.0,55.0,PASS,D,157,0,LOW
S177,Aman,20.0,ECE,49.0,56.0,60.0,59.0,21.0,9.0,53.0,165.0,55.0,PASS,D,158,2,LOW
S032,Aditya,20.0,CE,53.0,53.0,57.0,86.0,24.0,5.0,44.0,163.0,54.333333333333336,PASS,D,159,2,LOW
S045,Isha,19.0,IT,60.0,55.0,48.0,85.0,28.0,4.0,51.0,163.0,54.333333333333336,PASS,D,160,0,LOW
S119,Rohan,21.0,ECE,57.0,58.0,48.0,90.0,19.0,5.0,56.0,163.0,54.333333333333336,PASS,D,161,0,LOW
S138,Arjun,18.0,IT,51.0,54.0,57.0,74.0,15.0,3.0,65.0,162.0,54.0,PASS,D,162,0,LOW
S029,Aditya,21.0,ME,55.0,57.0,48.0,51.0,19.0,8.0,65.0,160.0,53.333333333333336,PASS,D,163,2,LOW
S186,Ananya,18.0,ME,60.0,54.0,46.0,100.0,6.0,8.0,69.0,160.0,53.333333333333336,PASS,D,164,2,LOW
S159,Priya,21.0,CSE,52.0,50.0,57.0,82.0,21.0,4.0,69.0,159.0,53.0,PASS,D,165,0,LOW
S080,Arjun,20.0,ME,58.0,41.0,59.0,70.0,23.0,4.0,40.0,158.0,52.666666666666664,PASS,D,166,2,LOW
S197,Sneha,18.0,CE,45.0,53.0,60.0,57.0,10.0,4.0,49.0,158.0,52.666666666666664,PASS,D,167,4,MEDIUM
S146,Aman,21.0,CE,58.0,45.0,55.0,50.0,19.0,5.0,80.0,158.0,52.666666666666664,PASS,D,168,2,LOW
S047,Nikhil,21.0,CSE,56.0,46.0,55.0,80.0,14.0,6.0,52.0,157.0,52.333333333333336,PASS,D,169,0,LOW
S127,Ananya,18.0,ME,46.0,56.0,50.0,77.0,6.0,7.0,64.0,152.0,50.666666666666664,PASS,D,170,2,LOW
S023,Priya,18.0,IT,52.0,49.0,50.0,62.0,10.0,5.0,66.0,151.0,50.333333333333336,PASS,D,171,0,LOW
S100,Aditya,19.0,CE,49.0,50.0,52.0,60.0,13.0,6.0,48.0,151.0,50.333333333333336,PASS,D,172,2,LOW
S061,Neha,20.0,CSE,57.0,45.0,49.0,69.0,23.0,8.0,44.0,151.0,50.333333333333336,PASS,D,173,2,LOW
S055,Aman,18.0,CSE,53.0,48.0,49.0,88.0,6.0,3.0,82.0,150.0,50.0,PASS,D,174,2,LOW
S022,Rohan,21.0,CE,52.0,45.0,52.0,95.0,11.0,6.0,41.0,149.0,49.666666666666664,PASS,F,175,5,HIGH
S192,Simran,20.0,ECE,45.0,49.0,54.0,89.0,5.0,9.0,68.0,148.0,49.333333333333336,PASS,F,176,5,HIGH
S005,Pooja,21.0,CSE,46.0,48.0,54.0,63.0,16.0,8.0,52.0,148.0,49.333333333333336,PASS,F,177,3,MEDIUM
S109,Nikhil,18.0,IT,47.0,51.0,50.0,77.0,20.0,5.0,64.0,148.0,49.333333333333336,PASS,F,178,3,MEDIUM
S020,Aman,20.0,CSE,48.0,44.0,54.0,87.0,15.0,4.0,51.0,146.0,48.666666666666664,PASS,F,179,3,MEDIUM
S088,Sneha,20.0,CE,51.0,52.0,42.0,69.0,10.0,5.0,62.0,145.0,48.333333333333336,PASS,F,180,3,MEDIUM
S090,Nikhil,21.0,IT,54.0,45.0,45.0,96.0,9.0,10.0,40.0,144.0,48.0,PASS,F,181,5,HIGH
S016,Rohan,21.0,ME,50.0,44.0,49.0,58.0,9.0,6.0,44.0,143.0,47.666666666666664,PASS,F,182,7,HIGH
S077,Neha,21.0,ME,46.0,48.0,47.0,81.0,7.0,4.0,61.0,141.0,47.0,PASS,F,183,5,HIGH
S190,Vikram,19.0,CE,48.0,47.0,46.0,50.0,9.0,7.0,40.0,141.0,47.0,PASS,F,184,7,HIGH
S166,Aman,21.0,CSE,42.0,51.0,46.0,55.0,13.0,5.0,69.0,139.0,46.333333333333336,PASS,F,185,5,HIGH
S139,Arjun,21.0,IT,43.0,44.0,49.0,51.0,19.0,4.0,67.0,136.0,45.333333333333336,PASS,F,186,5,HIGH
S189,Vikram,20.0,IT,44.0,49.0,43.0,53.0,10.0,7.0,43.0,136.0,45.333333333333336,PASS,F,187,7,HIGH
S034,Karan,18.0,ME,51.0,44.0,41.0,68.0,10.0,3.0,50.0,136.0,45.333333333333336,PASS,F,188,3,MEDIUM
S056,Rohan,19.0,ME,52.0,40.0,43.0,52.0,17.0,4.0,51.0,135.0,45.0,PASS,F,189,5,HIGH
S130,Simran,22.0,ECE,43.0,47.0,44.0,62.0,18.0,5.0,45.0,134.0,44.666666666666664,PASS,F,190,5,HIGH
S144,Arjun,18.0,CE,47.0,38.0,49.0,54.0,7.0,8.0,56.0,134.0,44.666666666666664,PASS,F,191,7,HIGH
S009,Neha,21.0,CSE,42.0,41.0,49.0,72.0,9.0,3.0,84.0,132.0,44.0,PASS,F,192,3,MEDIUM
S070,Vikram,18.0,ECE,35.0,42.0,54.0,98.0,12.0,4.0,48.0,131.0,43.666666666666664,PASS,F,193,5,HIGH
S113,Nikhil,20.0,CSE,43.0,39.0,49.0,75.0,5.0,10.0,41.0,131.0,43.666666666666664,PASS,F,194,7,HIGH
S183,Nikhil,18.0,ECE,39.0,46.0,38.0,58.0,10.0,5.0,67.0,123.0,41.0,PASS,F,195,5,HIGH
S019,Arjun,21.0,ECE,41.0,43.0,39.0,66.0,6.0,8.0,43.0,123.0,41.0,PASS,F,196,7,HIGH
S173,Aman,22.0,ME,42.0,35.0,43.0,52.0,6.0,4.0,79.0,120.0,40.0,PASS,F,197,7,HIGH
S039,Pooja,21.0,ME,38.0,45.0,35.0,71.0,14.0,4.0,47.0,118.0,39.333333333333336,FAIL,F,198,5,HIGH
S042,Vikram,21.0,CE,45.0,38.0,35.0,74.0,9.0,6.0,65.0,118.0,39.333333333333336,FAIL,F,199,3,MEDIUM
S035,Simran,22.0,ME,35.0,38.0,39.0,57.0,5.0,4.0,49.0,112.0,37.333333333333336,FAIL,F,200,9,HIGH
