Student_ID,Name,Age,Department,Math,Science,English,Attendance,Study_Hours,Assignments_Completed,Previous_Score
S001,Neha,22,IT,75.0,82.0,69.0,88.0,26,8,49
S002,Sneha,22,IT,82.0,74.0,65.0,94.0,26,5,72
S003,Simran,20,ECE,65.0,65.0,61.0,91.0,7,8,93
S004,Isha,22,IT,82.0,88.0,76.0,88.0,22,8,77
S005,Pooja,21,CSE,46.0,48.0,54.0,63.0,16,8,52
S006,Arjun,22,CE,,65.0,60.0,80.0,5,9,70
S007,Simran,20,ME,71.0,74.0,78.0,54.0,26,10,86
S008,Rohan,20,IT,59.0,63.0,62.0,84.0,16,9,75
S009,Neha,21,CSE,42.0,41.0,49.0,72.0,9,3,84
S010,Vikram,19,ME,82.0,83.0,86.0,78.0,29,9,63
S011,Aman,19,CE,85.0,80.0,69.0,92.0,21,5,91
S012,Neha,22,ME,69.0,65.0,76.0,60.0,20,5,95
S013,Pooja,18,CSE,71.0,65.0,57.0,67.0,19,9,54
S014,Pooja,22,ME,81.0,90.0,82.0,96.0,27,10,68
S015,Arjun,21,ECE,57.0,70.0,72.0,61.0,19,7,47
S016,Rohan,21,ME,50.0,44.0,49.0,58.0,9,6,44
S017,Sneha,21,IT,72.0,70.0,71.0,59.0,25,10,68
S018,Arjun,21,IT,62.0,73.0,81.0,93.0,18,9,86
S019,Arjun,21,ECE,41.0,43.0,39.0,66.0,6,8,43
S020,Aman,20,CSE,48.0,44.0,54.0,87.0,15,4,51
S021,Karan,19,IT,73.0,,78.0,56.0,23,6,84
S022,Rohan,21,CE,52.0,45.0,52.0,95.0,11,6,41
S023,Priya,18,IT,52.0,49.0,50.0,62.0,10,5,66
S024,Arjun,18,IT,59.0,63.0,58.0,89.0,6,6,70
S025,Aditya,18,CSE,72.0,77.0,74.0,91.0,10,9,90
S026,Nikhil,18,ME,80.0,70.0,77.0,58.0,22,8,90
S027,Karan,20,IT,58.0,53.0,56.0,99.0,6,8,75
S028,Priya,18,ECE,66.0,66.0,73.0,76.0,22,3,75
S029,Aditya,21,ME,55.0,57.0,48.0,51.0,19,8,65
S030,Rohan,22,CE,81.0,78.0,77.0,54.0,23,10,82
S031,Rahul,18,CSE,64.0,65.0,56.0,78.0,6,8,66
S032,Aditya,20,CE,53.0,53.0,57.0,86.0,24,5,44
S033,Vikram,20,ME,77.0,80.0,79.0,87.0,29,8,59
S034,Karan,18,ME,51.0,44.0,41.0,68.0,10,3,50
S035,Simran,22,ME,35.0,38.0,39.0,57.0,5,4,49
S036,Aditya,18,CE,94.0,83.0,,97.0,28,9,79
S037,Ananya,20,ME,75.0,71.0,70.0,94.0,19,5,77
S038,Rahul,19,CE,71.0,66.0,57.0,50.0,27,10,45
S039,Pooja,21,ME,38.0,45.0,35.0,71.0,14,4,47
S040,Pooja,20,ECE,59.0,69.0,60.0,66.0,23,5,62
S041,Isha,18,ME,78.0,75.0,81.0,56.0,21,7,86
S042,Vikram,21,CE,45.0,38.0,35.0,74.0,9,6,65
S043,Aditya,18,IT,67.0,62.0,73.0,94.0,8,7,85
S044,Aditya,18,ME,71.0,72.0,65.0,53.0,14,8,82
S045,Isha,19,IT,60.0,55.0,48.0,85.0,28,4,51
S046,Nikhil,21,ECE,60.0,61.0,66.0,55.0,21,8,65
S047,Nikhil,21,CSE,56.0,46.0,55.0,80.0,14,6,52
S048,Isha,19,ECE,75.0,73.0,65.0,68.0,21,5,79
S049,Nikhil,20,ME,76.0,78.0,69.0,93.0,24,6,57
S050,Aman,18,IT,70.0,76.0,70.0,88.0,28,3,64
S051,Aditya,22,IT,54.0,57.0,65.0,,9,6,72
S052,Neha,18,CE,61.0,62.0,57.0,59.0,6,3,86
S053,Sneha,18,IT,62.0,64.0,52.0,75.0,10,6,79
S054,Ananya,20,CE,90.0,87.0,93.0,68.0,25,9,99
S055,Aman,18,CSE,53.0,48.0,49.0,88.0,6,3,82
S056,Rohan,19,ME,52.0,40.0,43.0,52.0,17,4,51
S057,Aman,19,CE,75.0,74.0,77.0,94.0,15,8,83
S058,Neha,21,CSE,60.0,71.0,63.0,62.0,15,10,75
S059,Rohan,22,IT,78.0,80.0,78.0,99.0,20,8,87
S060,Ananya,18,IT,53.0,56.0,56.0,77.0,15,7,43
S061,Neha,15,CSE,57.0,45.0,49.0,69.0,23,8,44
S062,Priya,20,IT,74.0,81.0,79.0,77.0,19,5,95
S063,Sneha,19,CSE,77.0,85.0,71.0,57.0,29,9,76
S064,Ananya,22,CE,85.0,82.0,73.0,90.0,27,6,47
S065,Aditya,21,CE,97.0,73.0,86.0,88.0,27,7,81
S066,Nikhil,19,CSE,57.0,74.0,60.0,50.0,20,5,88
S067,Priya,21,CE,58.0,61.0,63.0,52.0,15,5,67
S068,Vikram,20,CE,57.0,59.0,63.0,62.0,26,3,70
S069,Ananya,20,CE,76.0,70.0,66.0,77.0,20,8,97
S070,Vikram,18,ECE,35.0,42.0,54.0,98.0,12,4,48
S071,Rohan,35,ME,72.0,69.0,63.0,74.0,8,10,93
S072,Priya,21,IT,61.0,70.0,69.0,82.0,12,4,90
S073,Sneha,19,ECE,70.0,65.0,53.0,87.0,8,7,68
S074,Aditya,20,CE,72.0,65.0,78.0,55.0,28,9,53
S075,Isha,18,CSE,81.0,80.0,77.0,93.0,29,4,79
S076,Aditya,18,CE,61.0,63.0,63.0,94.0,7,6,80
S077,Neha,21,ME,46.0,48.0,47.0,81.0,7,4,61
S078,Aditya,20,CE,65.0,59.0,62.0,94.0,22,7,50
S079,Simran,22,CSE,64.0,76.0,73.0,96.0,30,10,62
S080,Arjun,20,ME,58.0,41.0,59.0,70.0,23,4,40
S081,Isha,21,CE,57.0,68.0,59.0,105.0,23,6,85
S082,Aman,21,ME,76.0,71.0,69.0,70.0,25,3,76
S083,Nikhil,20,IT,65.0,61.0,47.0,60.0,9,9,60
S084,Rahul,21,IT,67.0,70.0,74.0,86.0,22,7,65
S085,Sneha,20,CE,62.0,65.0,62.0,85.0,14,3,85
S086,Priya,19,ME,79.0,79.0,85.0,84.0,26,3,75
S087,Arjun,20,CSE,69.0,58.0,64.0,68.0,25,3,93
S088,Sneha,20,CE,51.0,52.0,42.0,69.0,10,5,62
S089,Priya,21,IT,74.0,72.0,77.0,67.0,5,9,96
S090,Nikhil,21,IT,54.0,45.0,45.0,96.0,9,10,40
S091,Karan,18,CE,65.0,66.0,60.0,-10.0,13,8,93
S092,Karan,18,ME,92.0,88.0,90.0,98.0,16,9,94
S093,Vikram,19,IT,81.0,83.0,79.0,63.0,30,5,90
S094,Sneha,18,ME,59.0,76.0,67.0,64.0,18,8,79
S095,Karan,20,IT,54.0,57.0,60.0,80.0,6,9,54
S096,Simran,21,IT,60.0,63.0,65.0,50.0,21,3,60
S097,Isha,18,ECE,66.0,81.0,74.0,52.0,18,7,86
S098,Priya,18,IT,66.0,77.0,74.0,65.0,30,8,48
S099,Vikram,19,CSE,74.0,74.0,76.0,72.0,17,6,92
S100,Aditya,19,CE,49.0,50.0,52.0,60.0,13,6,48
S101,Priya,20,CE,57.0,61.0,62.0,61.0,-5,4,49
S102,Vikram,21,ME,84.0,79.0,80.0,59.0,29,8,91
S103,Nikhil,19,IT,80.0,77.0,78.0,81.0,19,7,96
S104,Sneha,18,CSE,82.0,94.0,86.0,65.0,29,10,92
S105,Nikhil,21,ME,63.0,58.0,65.0,57.0,26,5,65
S106,Isha,21,ECE,66.0,68.0,62.0,87.0,19,3,80
S107,Isha,18,ME,73.0,70.0,65.0,61.0,28,4,74
S108,Arjun,19,ME,75.0,65.0,75.0,73.0,15,6,91
S109,Nikhil,18,IT,47.0,51.0,50.0,77.0,20,5,64
S110,Neha,21,ECE,76.0,71.0,61.0,57.0,21,5,65
S111,Aditya,22,ME,64.0,55.0,60.0,77.0,30,-2,50
S112,Ananya,22,CSE,66.0,69.0,62.0,85.0,8,10,77
S113,Nikhil,20,CSE,43.0,39.0,49.0,75.0,5,10,41
S114,Arjun,18,CE,64.0,53.0,52.0,57.0,12,8,46
S115,Rohan,18,ECE,68.0,77.0,62.0,99.0,21,6,57
S116,Simran,20,ECE,64.0,56.0,54.0,77.0,7,10,66
S117,Priya,20,CE,81.0,77.0,79.0,77.0,24,7,73
S118,Isha,20,ME,77.0,80.0,77.0,86.0,19,10,66
S119,Rohan,21,ECE,57.0,58.0,48.0,90.0,19,5,56
S120,Arjun,18,CSE,69.0,64.0,70.0,85.0,28,3,82
S121,  Rahul  ,21,CSE,91.0,93.0,93.0,76.0,26,7,98
S122,Ananya,20,IT,64.0,72.0,70.0,66.0,18,8,83
S123,Aditya,18,ECE,76.0,64.0,69.0,58.0,30,6,98
S124,Aditya,21,ME,96.0,90.0,95.0,82.0,27,8,90
S125,Aditya,21,CE,62.0,69.0,70.0,69.0,18,5,93
S126,Simran,20,CE,92.0,76.0,70.0,62.0,28,7,63
S127,Ananya,18,ME,46.0,56.0,50.0,77.0,6,7,64
S128,Simran,20,IT,70.0,69.0,64.0,97.0,17,7,46
S129,Isha,18,CE,77.0,71.0,73.0,78.0,30,5,91
S130,Simran,22,ECE,43.0,47.0,44.0,62.0,18,5,45
S131,Rahul,19, CSE ,91.0,91.0,89.0,95.0,28,8,92
S132,Ananya,19,ECE,70.0,59.0,68.0,84.0,23,4,63
S133,Neha,19,CSE,70.0,65.0,66.0,55.0,11,8,72
S134,Ananya,20,IT,51.0,58.0,61.0,67.0,7,6,88
S135,Arjun,22,CE,60.0,64.0,64.0,100.0,19,3,68
S136,Rahul,18,IT,80.0,86.0,83.0,54.0,27,7,82
S137,Aditya,21,IT,59.0,59.0,64.0,96.0,18,4,61
S138,Arjun,18,IT,51.0,54.0,57.0,74.0,15,3,65
S139,Arjun,21,IT,43.0,44.0,49.0,51.0,19,4,67
S140,Isha,18,ECE,58.0,56.0,54.0,59.0,17,10,89
S141,Pooja,22,CSE,66.0,70.0,67.0,79.0,22,10,60
S142,Aman,21,ME,84.0,76.0,77.0,99.0,30,9,88
S143,Rahul,20,IT,70.0,75.0,71.0,94.0,10,10,46
S144,Arjun,18,CE,47.0,38.0,49.0,54.0,7,8,56
S145,Aman,18,IT,69.0,70.0,62.0,82.0,23,10,59
S146,Aman,21,CE,58.0,45.0,55.0,50.0,19,5,80
S147,Rahul,20,ECE,81.0,73.0,72.0,67.0,29,7,88
S148,Pooja,20,CE,71.0,77.0,68.0,81.0,27,8,59
S149,Rohan,22,ME,88.0,81.0,76.0,96.0,9,3,93
S150,Vikram,20,CSE,68.0,64.0,56.0,98.0,14,9,61
S151,Neha,20,CE,71.0,60.0,52.0,60.0,11,9,67
S152,Vikram,20,CE,87.0,91.0,83.0,70.0,29,9,100
S153,Ananya,19,CSE,67.0,71.0,69.0,75.0,21,3,79
S154,Aditya,22,ME,55.0,55.0,56.0,74.0,11,3,88
S155,Neha,18,IT,66.0,55.0,59.0,71.0,26,3,46
S156,Ananya,21,CE,74.0,70.0,76.0,76.0,30,3,40
S157,Arjun,18,CSE,76.0,79.0,67.0,98.0,16,9,71
S158,Aditya,22,ECE,72.0,75.0,72.0,62.0,29,9,52
S159,Priya,21,CSE,52.0,50.0,57.0,82.0,21,4,69
S160,Rahul,22,ECE,55.0,56.0,65.0,83.0,17,8,62
S161,Neha,20,ME,88.0,88.0,93.0,90.0,24,7,90
S162,Neha,21,IT,81.0,74.0,85.0,84.0,29,10,98
S163,Nikhil,20,CSE,73.0,75.0,71.0,50.0,8,10,95
S164,Arjun,18,CE,50.0,53.0,62.0,70.0,14,5,58
S165,Rohan,18,ME,71.0,60.0,68.0,97.0,7,9,71
S166,Aman,21,CSE,42.0,51.0,46.0,55.0,13,5,69
S167,Aditya,21,CE,55.0,56.0,64.0,77.0,17,8,68
S168,Arjun,22,CSE,84.0,81.0,68.0,66.0,22,8,88
S169,Karan,22,ECE,49.0,71.0,60.0,54.0,19,5,84
S170,Pooja,20,CSE,59.0,62.0,59.0,80.0,8,9,68
S171,Aman,21,CSE,59.0,59.0,57.0,54.0,19,5,69
S172,Rahul,18,CSE,71.0,67.0,76.0,87.0,26,10,55
S173,Aman,22,ME,42.0,35.0,43.0,52.0,6,4,79
S174,Rohan,22,CSE,64.0,61.0,70.0,72.0,19,10,58
S175,Isha,18,CE,76.0,68.0,66.0,86.0,12,6,57
S176,Nikhil,22,ECE,66.0,57.0,52.0,86.0,12,9,40
S177,Aman,20,ECE,49.0,56.0,60.0,59.0,21,9,53
S178,Rahul,21,CSE,69.0,59.0,65.0,59.0,16,7,90
S179,Rohan,18,ME,51.0,64.0,61.0,68.0,23,3,86
S180,Vikram,21,ME,86.0,84.0,88.0,66.0,14,6,89
S181,Neha,22,CE,67.0,60.0,63.0,70.0,13,8,41
S182,Isha,22,CSE,61.0,57.0,58.0,63.0,9,9,93
S183,Nikhil,18,ECE,39.0,46.0,38.0,58.0,10,5,67
S184,Neha,20,ME,73.0,72.0,79.0,95.0,24,6,88
S185,Pooja,19,CSE,67.0,75.0,76.0,50.0,30,7,89
S186,Ananya,18,ME,60.0,54.0,46.0,100.0,6,8,69
S187,Isha,19,ME,68.0,68.0,75.0,94.0,28,3,77
S188,Isha,19,ECE,57.0,60.0,65.0,62.0,17,3,90
S189,Vikram,20,IT,44.0,49.0,43.0,53.0,10,7,43
S190,Vikram,19,CE,48.0,47.0,46.0,50.0,9,7,40
S191,Aditya,19,CE,59.0,66.0,63.0,98.0,29,5,47
S192,Simran,20,ECE,45.0,49.0,54.0,89.0,5,9,68
S193,Aman,19,ME,69.0,73.0,67.0,81.0,25,3,94
S194,Isha,19,CSE,76.0,72.0,79.0,83.0,26,8,78
S195,Neha,19,ME,75.0,66.0,67.0,77.0,25,6,42
S196,Rahul,18,ECE,55.0,63.0,64.0,80.0,10,8,71
S197,Sneha,18,CE,45.0,53.0,60.0,57.0,10,4,49
S198,Simran,18,ME,59.0,79.0,71.0,88.0,27,4,49
S199,Sneha,20,CE,59.0,66.0,71.0,75.0,20,7,58
S200,Nikhil,22,CSE,67.0,59.0,50.0,83.0,8,5,85
S001,Neha,22,IT,75.0,82.0,69.0,88.0,26,8,49
